{
  "builtin_entity_scope": [],
  "config": {
    "unit_name": "tfidf_vectorizer",
    "use_stemming": false,
    "word_clusters_name": null
  },
  "language_code": "en",
  "vectorizer": {
    "idf_diag": [
      2.643148969776412,
      5.505349850705881,
      5.505349850705881,
      3.633547673804289,
      5.505349850705881,
      5.099884742597716,
      5.505349850705881,
      4.812202670145935,
      5.505349850705881,
      5.099884742597716,
      4.11905548958599,
      5.099884742597716,
      5.099884742597716,
      5.505349850705881,
      5.099884742597716,
      5.505349850705881,
      5.505349850705881,
      5.099884742597716,
      3.1539745935424026,
      3.800601758467455,
      3.1539745935424026,
      3.1539745935424026,
      3.1539745935424026,
      3.1539745935424026,
      2.484924964561518,
      4.812202670145935,
      5.505349850705881,
      5.505349850705881,
      3.4904468301636156,
      3.800601758467455,
      2.979621206397625,
      5.505349850705881,
      4.001272453929607,
      5.099884742597716,
      4.252586882210513,
      4.406737562037771,
      4.252586882210513,
      3.5594397016505672,
      3.800601758467455,
      3.800601758467455,
      3.1539745935424026,
      5.505349850705881,
      5.505349850705881,
      3.308125273369661,
      5.505349850705881,
      5.099884742597716,
      3.800601758467455,
      5.505349850705881,
      5.505349850705881,
      5.099884742597716,
      5.505349850705881,
      2.6721365066496645,
      1.271243346108621,
      4.812202670145935,
      4.252586882210513,
      4.252586882210513,
      5.099884742597716,
      3.4904468301636156,
      3.7135903814778253
    ],
    "vocab": {
      "a": 0,
      "afraid": 1,
      "angry": 2,
      "are": 3,
      "bored": 4,
      "breathingexercise": 5,
      "calm": 6,
      "calming": 7,
      "calming_down": 8,
      "calmingdown": 9,
      "can": 10,
      "challenge": 11,
      "challenging": 12,
      "confuse": 13,
      "cry": 14,
      "dirtyface": 15,
      "dirtyteeth": 16,
      "down": 17,
      "emotion": 18,
      "enough": 19,
      "entityfeatureemotions": 20,
      "entityfeaturegestures": 21,
      "entityfeaturesnipsdefaultstartrecording": 22,
      "entityfeaturesnipsdefaultstoprecording": 23,
      "gesture": 24,
      "happy": 25,
      "hello": 26,
      "hi": 27,
      "how": 28,
      "i": 29,
      "is": 30,
      "kiss": 31,
      "lets": 32,
      "may": 33,
      "me": 34,
      "new": 35,
      "play": 36,
      "please": 37,
      "recod": 38,
      "record": 39,
      "recording": 40,
      "sad": 41,
      "scared": 42,
      "show": 43,
      "shy": 44,
      "sneeze": 45,
      "stop": 46,
      "surprise": 47,
      "surprised": 48,
      "surprising": 49,
      "teeth": 50,
      "the": 51,
      "unknownword": 52,
      "us": 53,
      "what": 54,
      "when": 55,
      "would": 56,
      "you": 57,
      "your": 58
    }
  }
}